ID,Genuine,SocPrivConc,InstPrivConc,Narcissism,SelfEsteem,Loneliness,Hookup,Friends,Partner,Travel,SelfValidation,Entertainment,Orientation,Gender,Education,Income,Employment,Age,ImpFitness,ImpEnergy,ImpAttractive
Subj57,-0.5,1,1,1.75,3.4,2.71,1,4,2.333333333,3,1,4,1,2,4,2,1,23,8,3,1
Subj310,-0.25,1.5,2.75,2.5,4,3.52,4,1.5,4,3.333333333,1,4,1,1,3,2,2,43,10,8,2
Subj303,1.5,3.75,4,1,3.4,3.27,3.25,4.25,3,2.666666667,4.5,5,3,2,2,2,2,21,10,6,1
Subj309,4,5,5,1.5,4.2,2.94,1,4.5,1,4,1,5,1,2,2,1,1,38,4,6,1
Subj426,2,2.25,3,2,2.2,4.19,5,3.5,4,4,3.5,4.333333333,1,1,4,1,2,29,5,8,9
Subj316,1.75,3.5,2.75,2.75,2.2,1.98,4.5,2,3,2.666666667,2,4,1,1,4,2,1,32,1,2,4
Subj5,2.5,2,2,3,3.2,2.98,3.75,1.75,4,1,1,1,1,1,4,1,2,23,8,5,1
Subj115,2,2.25,3,3,4,1,3.5,4,4,2,2,3.666666667,1,2,2,2,1,38,6,2,1
Subj327,0.5,1,1,2.25,3.8,1.1,2.75,2.5,2,2,2,4,1,1,2,1,2,22,7,8,3
Subj252,-2,1,3.75,3,2,2.79,4,3,2.666666667,3.333333333,4,3.666666667,3,1,5,3,1,43,5,4,2
Subj339,-1.5,4.25,4.5,2,3.8,2.57,2,4.25,4.666666667,4,4,4.333333333,1,2,3,1,1,38,10,8,1
Subj266,-0.75,4.5,5,2.25,3.6,3.04,2.5,3.75,2.333333333,3.333333333,4,3.666666667,1,1,5,2,1,39,8,3,1
Subj138,0,2.25,2.5,3.5,2.6,1.55,4.75,4,4,2.666666667,4,4,1,1,4,2,1,29,4,8,1
Subj448,2.5,4,4,2.5,5,2.18,3,4,4,3,4,4.333333333,1,2,5,2,1,31,4,10,3
Subj142,-1.25,1,1,2.25,4.8,1.14,2,1.25,1,1,5,5,1,1,4,2,2,24,7,9,2
Subj405,2.25,1,1.5,2,4.2,2.5,4.75,4.5,4.333333333,5,2,4.666666667,4,1,2,1,1,23,5,10,1
Subj486,1,2,2,3.5,4,3.58,4,4,4,4,4,4,1,2,3,2,1,29,8,7,1
Subj129,1.75,2,3.25,3.25,4,2.61,3.5,3,4.333333333,2.666666667,2.5,4.333333333,3,1,2,2,2,29,7,4,2
Subj90,2.5,2.25,2.25,2.25,4,1.35,4,2.25,5,3,1,3,1,2,4,2,1,24,8,2,5
Subj112,0,2,1.5,3.5,3.6,1.88,3,4.25,3.333333333,3.666666667,4,3.666666667,1,2,5,2,1,28,7,9,2
Subj152,3.25,3.5,4,2.5,4.4,2.05,4.75,4,4,4,4,4,1,1,3,2,6,22,6,8,1
Subj145,0.25,1.75,2,2.75,3.2,2.75,5,2,3.333333333,4.666666667,2,4.333333333,1,1,3,1,1,27,5,8,2
Subj76,0.5,3,3,1.75,3.8,2.91,4.25,3.5,4,4.333333333,2.5,3.333333333,2,1,2,2,1,31,5,8,3
Subj19,2.25,2,2.25,3.5,4,1.08,4.25,3.75,3.333333333,2.666666667,5,5,2,1,4,2,1,35,8,7,1
Subj104,3.25,1.5,2,1.25,4,1.42,5,1.75,3.666666667,2,3,3.333333333,1,2,3,2,1,29,5,2,1
Subj384,-0.75,4,3.25,2,3.4,4.18,4,4,2,4.333333333,4,3.666666667,1,1,3,1,2,21,5,7,1
Subj249,0,3.25,3.25,3,3.2,2.5,4,3,3.666666667,2.666666667,4,4.666666667,3,1,4,3,1,28,10,3,1
Subj431,0.5,2.5,2.5,2,3.8,1.38,2.75,2.5,4,2.333333333,4,4,1,2,4,2,1,28,8,5,1
Subj391,4,1,1,2.25,5,1,5,1.25,3.333333333,4.333333333,4,4.333333333,1,1,4,2,1,26,8,7,1
Subj22,2.75,1.5,3.5,3.5,5,2.52,2,4.5,3,3.666666667,1,4,3,2,3,1,6,22,4,2,7
Subj214,1,1.5,1,3.5,2.8,5,1,1,4,1,4,4,1,2,4,1,2,31,5,8,1
Subj124,0,3,3.25,2.75,3,2.62,2.75,3.25,3,3,2.5,3,1,1,3,2,2,27,2,4,3
Subj484,0.75,2.25,3.25,2,4.4,1.08,1,3.5,1,1,3,2.333333333,1,1,3,1,1,54,7,5,9
Subj236,0.75,1.75,3.5,2.5,3.2,3.06,5,3.75,3.666666667,3.666666667,2,3.666666667,1,1,3,2,1,31,6,4,2
Subj85,0,1,1.5,2,4,1.9,4,3,3.333333333,3.666666667,3.5,3.666666667,1,1,4,2,1,27,2,3,8
Subj352,-0.5,3.5,4.5,2,4.4,3.71,3.75,3.75,3.333333333,3.666666667,4,4,1,2,3,1,6,25,3,8,1
Subj93,-0.25,2.5,3.25,3.25,2.8,2.8,2.75,2.75,3,3,3,3,1,1,5,2,1,42,2,7,1
Subj120,-1.75,2,2,3.25,4,2.34,4,2.5,4,4,3,4,1,1,2,2,1,29,8,10,1
Subj457,-1.25,3.75,3.5,1.5,4.2,2.52,1.5,3.5,3.666666667,3.333333333,4,4.666666667,1,2,6,2,1,31,5,10,1
Subj371,3,3,3,2,5,4.12,2.75,4.75,3.666666667,4.333333333,2,4,1,1,3,1,1,30,7,5,10
Subj254,3.75,3.25,2.25,1.75,5,1,4,2.5,2.666666667,2,2.5,3.333333333,3,2,2,2,1,24,8,6,2
Subj296,-0.5,3.25,4.75,2,2.6,4.19,4,1.75,3.666666667,3.333333333,4,4.666666667,1,1,4,1,1,33,7,5,3
Subj143,0.25,2.25,2.5,1.25,3.4,1,3.75,2,4.666666667,4.666666667,4,3.333333333,1,2,3,2,1,22,6,3,7
Subj283,3.5,2.25,2.25,1.25,2.8,4.3,5,4.25,4.333333333,4,3,5,4,2,3,2,2,32,4,3,1
Subj150,0,3,3,2.75,3.6,2.72,3.75,3.25,3.333333333,3,2,2.666666667,1,1,4,1,1,32,10,5,3
Subj228,1.25,3.75,4.25,2.25,2.4,3.53,1,3.25,1,1.333333333,2,3.333333333,1,2,4,2,1,33,6,5,3
Subj307,-0.75,2.25,2.75,2.25,3,3.4,2.25,3,4,3,4,3.666666667,1,2,5,2,1,29,6,9,1
Subj219,2.25,1,2,2,4,1.37,4.75,2.5,4,1,1,2,3,2,4,2,2,35,10,5,2
Subj110,2,5,4.5,1,4.4,3.5,2.5,1,5,2,1,3.666666667,1,2,3,1,2,54,8,3,1
Subj344,2,3.25,4.5,3.75,4,1.4,5,3.75,4,4,4,4,3,1,5,3,1,46,3,7,1
Subj34,0,2.75,2.5,2,4.8,2.85,4.5,3.25,3.666666667,3.333333333,3.5,3.666666667,1,1,5,2,1,27,6,4,1
Subj139,2,3,2.5,4,4,3.4,4,3,3.666666667,4,3,4.666666667,1,1,6,2,2,34,1,5,3
Subj320,-0.75,4,3.5,3,4.6,1.55,5,4,4,5,5,5,1,1,5,2,1,37,9,5,2
Subj225,-1,2.25,2.25,3.5,4,1.55,5,1.75,4,4,4,4.666666667,1,1,3,2,1,34,5,7,1
Subj68,0,3,2.5,3.5,4.6,3.09,3.5,2,4,3,3,3,1,1,3,1,1,20,8,7,1
Subj224,4,1,1,1.25,2,4.94,1,3.5,3.666666667,2,3,4,4,2,2,1,2,35,7,10,1
Subj451,2,2,2,2.5,5,2.7,4,4.5,3.666666667,4.333333333,4,4.666666667,1,2,4,2,1,31,2,4,1
Subj332,2.5,2,1.25,3.25,4,2.53,5,3.75,3.666666667,4,3.5,4.333333333,3,2,4,2,1,22,9,5,2
Subj77,0.25,3,3.25,2,3.8,2.53,3.75,4,3.666666667,4,4,4,1,2,2,2,1,24,4,7,2
Subj373,3.5,2,2.75,4.5,4.6,2.43,1,4.75,4.666666667,5,3,4.333333333,1,2,4,3,1,36,8,10,1
Subj379,1.75,3.25,3.5,2.25,3.8,3.34,4,4,4,4,4,4.333333333,1,2,4,2,1,33,10,2,3
Subj475,1,1.75,1.5,3.25,4.4,1.64,3,4.25,1.666666667,3.333333333,4,3.666666667,1,1,2,2,1,31,4,9,6
Subj447,1,3,3.25,2.75,3.2,3.07,3,3.25,3,3.333333333,3,3,1,1,5,2,1,38,1,9,7
Subj6,0,2,3,2.75,4,4.13,3,4.25,4.333333333,4.666666667,3.5,4.333333333,2,2,4,2,1,22,3,6,10
Subj474,1,1.75,2.25,4,4,1.73,2.75,4,2,3,4.5,4.333333333,1,2,4,3,1,28,7,8,3
Subj306,3.25,4.75,4,1.25,3.6,4.72,4.25,4,4,4.666666667,2,4.666666667,1,1,2,1,2,30,5,4,3
Subj134,2,4.25,4.25,2.25,4,3.7,3.5,4,4.333333333,4,5,4,1,1,4,2,1,29,9,7,6
Subj220,2.75,2,2,3,4.4,1,4.25,2.25,4.666666667,4.666666667,2,4.666666667,1,2,3,2,1,34,7,6,1
Subj23,2.75,2.75,2.25,1.75,4.8,1.47,2.5,2,3.333333333,3.666666667,5,5,3,2,3,2,1,32,9,6,2
Subj243,0.75,1.75,2.5,1.5,4.6,1.5,5,2.5,3.666666667,4.333333333,4,4.666666667,1,1,3,2,1,27,8,9,1
Subj52,0.75,2.75,2,2.75,3.2,3.99,3.5,3.5,3,3.666666667,3.5,3.333333333,1,1,4,2,1,34,10,5,1
Subj382,-0.75,2,2,2.5,5,1.35,3,3.5,3.333333333,4,2,4,1,2,2,1,1,27,5,4,1
Subj7,3.75,5,5,2,4.2,1.38,4,3.5,1.666666667,2.333333333,2,4,3,2,4,2,5,32,8,3,7
Subj333,1,1.5,3.75,1.75,3.6,2.28,5,2.75,4,3,1,4,1,1,4,1,2,32,3,10,1
Subj39,1,1.5,2.25,1.5,2.2,4.15,3.25,2,3.333333333,1.333333333,1.5,5,1,1,3,1,9,41,4,9,2
Subj471,1,4.25,5,1.75,3.8,1.66,4.5,2.5,4,4,2.5,4,1,1,4,2,1,38,7,6,1
Subj163,1.5,3.5,3.25,2.25,4.2,3.38,2,4,4.333333333,3,5,4.666666667,1,2,4,2,1,24,2,4,3
Subj30,-1.75,1.25,1.25,1.75,4,1.69,5,1.5,3.333333333,2,2.5,4.333333333,1,1,4,1,1,40,4,6,2
Subj135,0.5,2.75,3,3.5,3,3.04,3,3,3.333333333,3.333333333,4,4,1,1,4,1,3,24,10,3,4
Subj281,3.25,1.75,3.75,1,4.2,1,1,3.5,1,1,1,3.666666667,1,2,4,1,1,35,9,10,2
Subj388,1.5,1.75,3.5,2,4,1,3,2.25,2.333333333,3.333333333,1,4.333333333,1,1,3,1,6,24,4,8,1
Subj197,1.75,4.5,4.25,2.75,4.6,2.63,4,4,3.666666667,4.666666667,4,5,1,1,3,2,1,26,3,1,2
Subj60,0.75,2,2,2,4,1.22,4,2,2.666666667,2,2,2,1,1,4,2,1,30,10,6,3
Subj226,4,5,5,2,5,3,1,2,1,1,1,3.666666667,1,2,2,1,2,33,4,8,1
Subj82,1.25,2.25,2.25,1,4,1.56,4.25,4,3.666666667,5,2.5,4.666666667,1,2,4,2,1,23,9,6,1
Subj372,-0.75,4,4,2.75,4,3.44,3.5,3.5,3.333333333,3.666666667,3,3.666666667,1,1,4,2,1,44,3,10,1
Subj161,2,1.25,1.25,2.5,3.6,1.65,1,4,1,1,1.5,4.333333333,3,2,3,1,1,22,10,3,2
Subj128,2.25,3.5,4.75,1.5,3.4,2.9,5,3,3.333333333,4.333333333,4,4.666666667,1,1,2,2,1,39,4,10,1
Subj66,4,4.25,4,2.75,5,1.29,2,5,3.666666667,4,4,4.333333333,1,2,4,2,1,39,6,9,2
Subj367,4,1,1,3.5,5,1,2,4.5,3.666666667,5,1,5,1,1,2,4,3,21,7,2,4
Subj444,0.25,2.75,1.75,1,2.6,3.48,3,3.5,3,4,5,4,3,2,3,1,1,30,6,7,1
Subj409,1.25,2,2.5,4.75,4.8,1.5,4.5,3,4.666666667,4.666666667,1.5,4.333333333,1,1,4,2,2,36,7,5,2
Subj55,2,3,4,1.25,2,3.5,3,3.5,3,3,3,4.333333333,1,1,4,2,1,30,4,10,1
Subj54,2,2,2,3.25,4,2.63,2,3.5,2,3,2,4.333333333,1,2,4,2,1,28,4,9,5
Subj43,-2.5,4.25,3.25,3,4.4,1.27,3.25,4.75,4.666666667,2.333333333,3.5,4.333333333,1,2,4,2,1,29,8,9,1
Subj207,0.75,1.75,2,4,5,2.36,5,2.75,3.666666667,4.666666667,4,5,1,1,6,2,1,30,5,9,2
Subj121,1.75,2.75,3.5,4.5,4.6,3.59,3.25,3.5,2.666666667,3.333333333,3,4.333333333,2,1,3,1,2,32,5,6,3
Subj11,0.75,1,1,2,5,1,4,1.25,4.333333333,4.666666667,3,5,1,1,4,3,1,25,5,10,1
Subj467,3.75,1,1,1.25,5,1.75,3.75,1.75,4.666666667,2,4,3,1,2,2,1,1,31,8,7,1
Subj297,3,2.75,2.75,1.5,4.4,1.64,2.75,3.75,4,4.666666667,4,4.666666667,1,2,4,4,6,24,3,2,4
Subj15,1.5,1.25,1.5,2.75,3.4,2.98,2.5,3.5,2.333333333,2.666666667,2,3.666666667,1,1,4,1,1,25,9,8,6
Subj445,0.25,3.5,4.5,2,3.8,3.52,2.25,4.5,4.333333333,4,4.5,4,1,2,5,2,3,42,1,6,5
Subj111,2.25,2.75,4,1.75,4.2,2.01,4,3.25,3.666666667,4,2,4,1,1,3,2,1,34,6,7,1
Subj81,1,1,1,2,4,1.54,4,4,4,4,4,4,3,2,3,1,6,23,8,6,1
Subj53,-0.5,4,3.25,1.75,1.6,2.64,3,4.25,3.666666667,5,4.5,4.666666667,1,2,2,2,1,20,6,8,3
Subj411,-1.25,2.5,4.25,2,2.4,2.92,2.25,3.75,3,2,4,5,1,2,4,1,2,29,8,1,2
Subj61,3.5,1,1,4,4.8,1,2.25,3.5,1,3.333333333,3,4,1,1,2,1,2,24,5,8,1
Subj51,1,2,2.5,2,3.2,4.1,4,2.75,4,1.333333333,2.5,4.666666667,1,1,4,1,1,32,3,8,2
Subj170,0,3,3.25,2.5,4.2,1.86,2,4,3,1.666666667,3,4.333333333,1,1,3,1,6,26,2,5,7
Subj16,-1,4.75,4.25,4.25,4.4,2.91,4.25,3.25,3,4.333333333,4.5,5,1,1,4,2,1,39,6,3,1
Subj277,0,3,3.25,2.75,3.2,2.62,3,3.25,3,3,3,2.666666667,1,1,3,2,2,30,9,7,1
Subj424,1,2.5,3.75,2.75,4.6,1.6,3.75,4.75,1.666666667,4.333333333,3,4.666666667,1,1,5,2,1,53,5,4,2
Subj407,-0.75,2,2.75,2.75,3.6,2.66,4,4,3.333333333,4,3.5,4,1,1,3,1,1,30,6,2,3
Subj47,.,3.25,4,3,3.2,3.01,4.25,3,4,4.666666667,3.5,.,1,2,7,2,8,26,4,8,10
Subj464,-0.75,2.75,3.75,4,3.8,4.85,2.5,2.25,4,4,5,4,1,1,4,2,1,30,5,8,1
Subj350,4,1,1,1.25,5,1,4.75,5,5,5,5,5,1,2,4,2,1,29,2,9,1
Subj362,-0.25,3,3.75,2.5,2.4,3.46,3.75,2.25,1.666666667,3.333333333,2.5,3.666666667,1,1,3,3,1,21,9,6,1
Subj107,0,4,3.25,3.5,4.8,3.97,4.5,4.5,4.333333333,4.666666667,3,3.333333333,1,1,3,1,3,28,6,7,3
Subj385,1.5,1.25,1,2.5,2.4,3.96,3,2.25,3,2,1,4,1,2,3,1,3,24,6,3,1
Subj496,1,2.25,3.75,1.5,4.6,1.8,3.5,3.5,5,4.333333333,1.5,4.333333333,1,1,4,2,1,34,6,3,7
Subj282,3.25,2.75,3.5,2.75,4.6,4.5,1.75,4.75,1.333333333,2.333333333,3.5,3.666666667,1,1,3,2,1,24,6,8,7
Subj346,0,2.5,2.5,3.5,3,2.27,3.5,3,3,3,3,3,1,1,3,2,1,24,1,4,7
Subj374,0.25,3.75,3.5,1.75,4.4,1.18,4,4,4,3.333333333,2,4,1,1,4,2,1,28,7,4,2
Subj354,1.5,2.25,2.5,2.25,3.8,3.44,4,4,4,4,4,4,3,2,4,2,1,27,3,10,1
Subj182,2,1.25,2.25,3.75,4.2,3.99,3,1.25,5,1.666666667,2,4,1,1,4,2,2,33,7,10,3
Subj106,-0.5,1.75,1,2.75,4.2,1.73,4.5,4,4,4.333333333,4,4.666666667,1,1,5,2,1,29,7,10,2
Subj94,2.25,3.75,2.5,2,4.2,2.5,1,2.75,5,3,5,5,1,2,5,2,1,35,5,9,1
Subj187,-0.75,3,4.75,2.75,3.8,2.98,4.5,1.5,4,3.333333333,4.5,3.666666667,1,1,4,2,1,23,3,10,1
Subj184,3,2,2,2.25,4,3.69,4,1.5,3.333333333,4,3.5,4,1,1,4,1,1,34,2,8,3
Subj118,-0.5,2,2.5,2.5,3.8,2.88,3.25,3.25,3.333333333,3.333333333,3.5,3.333333333,1,1,4,2,6,28,7,8,6
Subj355,1,4,2.5,1.75,2.4,4.6,1,3,4.666666667,1,1,4.333333333,1,1,3,1,2,21,10,9,1
Subj233,1.5,2.5,3.75,2.25,4,1.7,4,2,4,4,4,4,1,2,4,2,1,34,8,6,2
Subj380,-2,5,5,3,4,1.13,4,4,4,4,4,4,1,2,4,2,1,23,8,6,2
Subj155,1.5,2.5,2.75,3,4.4,2.21,2.5,4.25,2.666666667,3.666666667,3.5,4.333333333,1,1,4,2,1,36,5,3,8
Subj425,2.5,1,1,3.25,5,1,4,2.25,4.333333333,5,4,4.666666667,1,1,4,2,1,23,7,6,2
Subj390,4,2.75,3.75,4,5,1,5,4,5,3.666666667,4,5,1,1,6,2,1,30,9,5,1
Subj329,-0.75,4,4,3.5,4.6,2.41,3.25,1.25,4,1,4,4,1,2,3,2,2,33,4,5,1
Subj216,0.5,3.75,3.25,2.25,4.6,2.78,3.75,2.75,4.333333333,3.333333333,2,4,1,2,4,1,1,28,8,7,1
Subj453,2.25,2,2,2.75,4.2,1.06,4,2.5,3.333333333,3.333333333,1,3.333333333,1,2,2,2,1,24,5,6,1
Subj313,2.75,2.5,3,2.25,4.8,2.48,4.75,4.25,4.333333333,3.666666667,2.5,4.666666667,1,1,2,2,1,26,4,10,1
Subj180,0.75,2.5,4,3.5,4.6,1,4,2.5,3.666666667,2,3,4.666666667,1,1,4,2,1,28,7,4,2
Subj463,3,5,5,1.5,5,1.48,3.25,5,5,5,4,5,1,1,4,3,1,43,2,6,1
Subj116,3.5,2.25,2.75,2.5,5,1,4,4,4,4,3,4,1,1,7,4,1,26,4,6,2
Subj171,0.25,2.5,2.5,2.25,3.8,3.04,3.5,3,2.666666667,3.333333333,3,3.333333333,1,1,5,2,1,34,9,5,4
Subj127,-2.5,2,1.5,4.5,4.2,1.38,5,5,5,5,5,5,1,2,4,2,2,32,10,4,9
Subj222,3.25,1.75,3.5,1.5,4.4,1.94,4.5,2.5,4.333333333,4.333333333,2,4.333333333,1,1,3,1,2,39,2,4,3
Subj262,-0.25,2.5,2.75,2.25,3.2,2.94,2.5,3.25,2.333333333,2.666666667,3,2.666666667,1,2,5,2,1,53,6,3,1
Subj199,2,3,3,2.25,4,1.25,2.5,4,2,4,3,3.333333333,1,1,4,2,1,31,9,7,1
Subj449,-0.25,1.75,2.75,4,4.2,1.4,5,1,3.333333333,1,1,4,1,1,6,3,1,31,4,3,8
Subj202,1.25,2,2.75,1.75,4,1.68,5,1.75,4.333333333,2,4,4.666666667,1,1,3,2,2,25,3,4,1
Subj153,-2.25,3.75,4.5,4.25,4.2,1.34,4.25,3.5,4.333333333,4,4,4.666666667,1,1,2,2,1,44,2,4,1
Subj80,0.75,2.75,4,1.75,2.8,3.35,3.5,3.75,3.333333333,3.333333333,4,4,1,1,3,1,3,27,1,9,5
Subj29,4,2,2,1.25,5,1.04,1,4.25,1.333333333,1.333333333,1,1.333333333,1,2,3,2,1,23,8,7,10
Subj294,2.5,4.25,4.25,1.75,5,1.25,2.75,5,5,5,3,5,1,2,4,1,1,26,6,2,5
Subj395,0.5,2.75,2.75,2.5,2.4,2.49,3.25,3.5,3.333333333,3.333333333,1.5,2,1,1,4,3,1,32,7,10,1
Subj488,3,2.5,2.25,4,4.6,2.3,1,3.75,3.333333333,1.333333333,1.5,5,3,2,2,2,1,31,9,7,1
Subj206,3.25,2.25,1.25,2,4.4,1.94,1.5,4.25,2,3.333333333,4.5,5,1,2,3,2,2,25,8,4,1
Subj341,3.5,2.75,3.75,2.75,3.8,4.3,4,2.75,3,3.666666667,4,4,1,1,4,2,1,32,2,4,1
Subj393,1.25,2.25,2.25,3.5,4,3.22,4,4,4,3,3.5,4,3,1,4,2,1,40,8,6,2
Subj189,2.25,2.5,2,3,4.2,2.55,2,3,2,2.666666667,2,2.666666667,1,2,2,2,1,29,9,2,4
Subj146,2.25,2.25,1.5,3.25,4.2,1.34,2.5,3,5,3.666666667,4,4.333333333,1,2,2,2,1,26,10,7,1
Subj195,3.5,3,3,4,5,1,3,5,5,5,1,5,1,1,3,2,1,38,5,7,1
Subj338,0.75,2.5,2.5,2.75,4.2,2.32,3.5,3.5,4,2,2,4,1,1,5,2,1,27,4,9,1
Subj476,0.25,3.25,2.5,2,4,1.9,2.5,4.25,4,4,4,4,1,2,3,2,1,25,5,10,1
Subj377,2,2.25,2,1.5,5,3.43,4,2.25,4,4,2,4,3,1,3,1,6,22,10,8,2
Subj213,0.75,3.75,3,2.5,4,3.3,3.5,2.75,3.666666667,3.666666667,3.5,4.333333333,1,2,4,2,1,31,8,9,1
Subj144,4,5,5,1,5,1,5,5,5,5,5,5,3,2,3,1,5,32,10,6,4
Subj25,2.5,1.25,1.5,2.25,4.2,2.69,4.25,2.25,3.333333333,2,2,3.666666667,1,1,3,2,1,34,4,7,9
Subj265,-1.25,4.75,4.5,4,4.8,3.44,5,2.75,2.666666667,4.333333333,4.5,5,2,2,3,2,1,37,6,5,8
Subj108,2.75,2,2.75,3.5,5,1.43,3.5,3.75,4,4,2.5,3.666666667,1,2,4,2,1,57,3,2,1
Subj472,0.25,2.5,3.25,3.5,3.2,3.53,3,3.25,2.666666667,3,3.5,4,1,1,3,2,1,48,4,10,1
Subj192,1.75,2.25,3.25,3,3.4,3.38,4.5,2.5,3.666666667,4.666666667,3.5,4,1,1,3,2,1,23,5,10,3
Subj232,2,2.25,2,1,4,1.17,2,4,4,4,3,4,1,2,3,1,1,46,6,7,1
Subj436,2.25,1,2.5,2.5,4.2,3.27,2.25,4,5,5,1,4.333333333,1,1,2,1,1,36,8,6,2
Subj479,4,2.75,3.5,2,5,1.7,4.25,3.5,4.333333333,4.666666667,4,4,1,1,3,4,1,31,6,10,1
Subj246,3.75,1.25,2,1.25,5,1,1,3,1,2.333333333,1,4.333333333,1,1,4,2,1,26,2,6,4
Subj137,3.25,1.75,3.75,1,1,4.7,5,1,5,2,1,4.333333333,1,1,2,1,1,24,3,5,1
Subj181,-0.25,2.25,2.75,3.25,2.6,2.35,3,3,2.333333333,3,2.5,3.333333333,1,1,3,2,1,25,5,8,6
Subj38,2,1,1,2,4,1.54,4,3.5,4,3.333333333,2,4,1,1,4,2,1,30,10,3,2
Subj97,3,2.25,2.25,4,4,3.1,1,2.75,4,4,2,4.333333333,1,1,4,2,1,62,4,2,1
Subj348,1.5,3.25,4,3.5,2.8,3.25,2,3,3.666666667,3.333333333,3,3.333333333,1,2,4,2,1,28,6,8,10
Subj450,1.5,1,1.75,2,4,1.17,4,4,4,4,2,4,1,1,3,3,1,36,8,10,1
Subj190,1.75,2.25,2.75,3.5,4.4,2.55,2,3.5,4,4,3,4.333333333,1,2,3,1,1,38,8,6,1
Subj24,2,2.25,3.25,4,4,2.3,2,2,2,1,4,4,1,2,2,1,1,33,7,6,4
Subj301,3,2.5,2.25,1,5,4.77,4,5,5,5,4,5,1,1,3,1,9,36,8,4,3
Subj494,3.5,1,1,4.25,5,1,1,2.5,4,1,2.5,4,1,2,4,3,1,40,7,6,2
Subj263,0.25,2.25,2,2.5,4,1.54,4,4,4,4,3.5,4,1,2,6,2,1,27,3,7,1
Subj417,3.25,2.5,2.5,1,5,1.29,1,3.75,5,1,1,3.666666667,1,2,4,2,1,33,8,2,3
Subj319,1.5,1.75,2.5,3,4.4,1.65,5,4.75,4,4,4.5,4,1,1,5,2,1,27,9,8,3
Subj230,2.75,3,3,1.25,2.8,1.84,3.25,1.75,4,2.666666667,1,3.333333333,3,2,3,2,1,30,7,8,4
Subj311,3.5,2,2,2.5,5,1,4,3.75,5,2.333333333,1,4.666666667,1,1,4,2,1,37,5,9,1
Subj305,2.25,1.75,3,1.25,4.4,1.4,1,4,2.666666667,3,2,4.666666667,1,2,3,1,1,46,9,8,1
Subj40,4,1,1,4.5,5,2.1,4,3.25,4,5,5,5,1,1,5,2,1,31,2,3,4
Subj270,2,1,1,2.5,4,1.25,3.25,3.75,3.333333333,3.333333333,3.5,3.333333333,1,2,4,2,1,27,4,9,5
Subj247,2.5,2.5,3.5,3,4.4,2.37,1,1,2.666666667,2,5,4,1,2,3,2,1,28,5,3,4
Subj250,1.5,2,2,2,4,1.96,4,2.5,2.666666667,4,4,4,1,1,3,1,6,20,3,9,1
Subj253,2,2,3,1.5,3.8,2.64,3,3.5,4,3.333333333,2,4,1,1,2,2,1,32,7,4,1
Subj221,1,2.5,2,2.75,3.8,1.8,4,1.75,5,4.666666667,3.5,4,1,1,4,2,1,29,7,3,1
Subj295,-0.75,3.5,3,2.75,3,4.06,3.25,3,3,3,3.5,2.333333333,1,1,5,3,1,28,7,6,1
Subj490,2.5,3,3.5,1.75,4,1.43,2,4,1,2,2,3.333333333,1,2,3,2,1,46,5,4,2
Subj308,2.25,2.5,4,2,4.2,3.15,1.75,4,1,2.666666667,2,4.333333333,3,2,3,2,2,26,3,8,2
Subj157,-2.5,2.25,3.25,1.5,3,2,1,3.25,1.333333333,1,4,4.333333333,1,2,4,2,1,40,6,7,1
Subj413,2,3,3,2,4,2.77,2,3.75,3.333333333,4,4,4,1,2,5,2,1,33,6,8,9
Subj227,2,2.75,3,2,4,3.41,3.5,4,4,4,3,4.333333333,4,2,4,2,1,23,3,5,1
Subj365,3,4,4,1.75,4.2,1,1,3.5,3,2.666666667,1,3.666666667,1,1,4,1,1,30,5,4,6
Subj215,-0.75,2.25,2.25,2,4,2.35,4.25,2.75,1.666666667,4,4,4,1,1,4,2,2,33,10,7,5
Subj480,1,3,4.75,3.75,4.4,3.83,2.75,4.25,4.666666667,4.666666667,4,3.333333333,1,2,4,2,1,28,9,5,1
Subj369,2,4.25,4,2.5,4.8,2.29,2.5,4,4,4,2,3.333333333,1,2,4,2,2,45,5,6,3
Subj416,-0.5,1.5,1.75,2.75,5,2.73,3.75,3,4.333333333,3.333333333,1.5,4,1,1,4,2,1,30,9,10,2
Subj285,0.25,2,2.25,4,3.6,4.06,4.25,2.75,3,5,2,4,1,1,4,2,1,32,7,10,2
Subj164,2,3.25,3.5,1,3.4,3.73,2,3.25,4,1.666666667,4,3.333333333,1,2,3,1,1,23,2,6,1
Subj383,1,1.5,1.75,4,5,1.44,5,2.75,3.666666667,5,3,5,1,1,4,2,1,29,9,7,1
Subj394,3.25,2.75,3.25,3,4.2,3.94,1.25,4.5,3.333333333,4,2.5,3.333333333,1,2,3,2,2,24,8,10,2
Subj217,-0.75,3,4,1.75,3,3.85,5,1.75,4.666666667,3,3.5,4.333333333,3,2,2,4,3,22,2,5,1
Subj412,0.75,5,5,2.5,3.8,2.74,2.25,4.25,3.666666667,3.666666667,4,3.666666667,1,1,3,1,1,25,6,1,7
Subj264,1,2,4,4,3.6,1.6,4,4,4,4,2,4,1,1,.,1,2,29,5,7,1
Subj321,0.25,3,3,3.75,2.8,4.39,2,3.5,2.333333333,3,4,3.666666667,1,2,2,1,3,19,5,8,1
Subj298,3,2,2,2.25,4.2,1,5,3,3.666666667,5,1.5,4.666666667,1,1,4,1,1,31,3,7,2
Subj420,3.75,3.75,4.25,2,4.8,1.32,2.25,1.5,5,2.666666667,1,4.333333333,1,1,3,2,1,30,1,10,3
Subj238,3,3,3,4.5,5,1,3.75,4.25,5,3,4,5,1,1,4,2,1,30,1,5,8
Subj291,-1.5,1,1,3.75,4.6,1.82,5,2.5,3.666666667,2.666666667,4.5,4,1,2,3,1,1,26,10,8,3
Subj9,4,1,1,3,4.8,1,4,4,5,4.333333333,4,4.333333333,3,2,3,2,2,26,3,9,1
Subj72,0,5,5,2,5,1.57,5,1,2.333333333,1,5,3.666666667,1,1,4,2,1,29,7,5,9
Subj462,-0.75,2.25,1.25,3.5,3.2,1.12,2,2.25,2,4,4,3,1,2,3,2,6,21,7,9,1
Subj37,0.25,2,3.75,2,2.8,4.21,1.5,2.75,2.666666667,2.333333333,5,4.666666667,2,1,4,1,1,25,2,9,1
Subj322,1.25,3,2,2.25,4,2.49,3.75,3.5,4,4,3,4,1,2,4,1,1,25,9,3,1
Subj442,3,2,3.25,4.5,5,1,3,4.75,4,5,4,4,1,2,4,2,1,31,4,5,8
Subj92,3,3.75,5,3,4.4,2.24,4,2.75,4,3.666666667,2.5,4,1,1,3,2,1,27,6,9,2
Subj482,-0.5,2.75,3.5,2.25,5,2.51,1,2,1.333333333,1.666666667,1,4.333333333,1,2,4,2,1,24,6,8,5
Subj432,2,1,1.5,3.75,4,1.98,4,3.5,3.666666667,3.333333333,3.5,3,1,1,3,2,1,25,6,5,7
Subj468,0,2,3.75,2,3.6,4.31,1.25,4.5,3,1.666666667,3.5,4.333333333,1,2,4,2,2,29,9,5,4
Subj478,1,4,4,2.25,4,3.65,2,4,4,3,3.5,3.666666667,1,2,4,2,1,27,8,9,1
Subj334,-1.75,2,3.5,1.5,4.6,1.62,5,1.5,3,4.666666667,3.5,4.666666667,1,1,5,3,1,37,6,10,1
Subj293,2.75,3.75,4.75,2.25,4.6,1.55,2,3.5,2,2.666666667,1,4,1,2,3,2,1,42,3,2,4
Subj454,4,1,1,2,5,1,3,4,3.333333333,4,4,5,1,2,6,4,1,38,8,7,5
Subj56,0,2.75,3.5,1.75,2.4,2.86,2.75,3.75,4,2,3.5,3.333333333,1,1,3,2,1,28,9,10,1
Subj419,2,2.5,2,2.25,4.8,1.96,2.5,4.25,3.666666667,4,3,4.333333333,1,2,3,2,1,31,7,4,1
Subj287,3,1,1,4.75,5,1,4.5,5,5,2.666666667,3,3.333333333,1,1,4,2,1,28,3,5,1
Subj340,0.5,2.75,3,2.75,3,2.47,2.75,3.25,2.333333333,3.333333333,4,2.666666667,1,1,3,2,1,25,4,6,10
Subj257,3.75,1.75,4.25,4.75,4.6,1.31,5,2.25,2.666666667,4.666666667,3,4.666666667,3,1,3,1,4,33,1,8,2
Subj317,4,1,1,3.5,5,1,4,1,3,1,1,1,1,1,3,1,1,26,5,6,3
Subj63,1.75,2,2.25,3,3.6,1,5,3.5,5,3,2,4,1,1,4,1,1,35,7,6,1
Subj312,-0.5,2.75,4,1.75,1.8,4,4,2,3.333333333,3.666666667,2.5,3.666666667,1,2,4,1,1,28,9,7,1
Subj176,0.5,1,4,2.5,3.2,3,5,2,3.333333333,4.333333333,4,4.666666667,1,1,4,2,1,30,4,8,1
Subj328,0.75,1,2.25,1.5,4,2.75,3.25,2,5,2,4,3.666666667,1,2,4,3,1,44,5,7,10
Subj402,1.75,2.5,3,5,2.6,1,1,2.5,3.333333333,4,3,3,4,2,2,1,9,25,9,7,10
Subj337,-1.25,1.75,2,3.5,3,2.01,3,3,3,4,3.5,2.666666667,1,1,4,1,1,31,1,8,5
Subj477,3,1.5,2.5,1,4.6,2.42,3.75,1,3,1.333333333,2.5,2,1,1,4,1,3,26,3,6,2
Subj242,3,1.75,1,3.5,4,1.3,4,3.5,4,4,4,4,3,1,2,1,1,28,6,4,2
Subj351,1.5,2,2.25,2,5,1.41,3.75,1.75,3.333333333,2.333333333,5,4.666666667,1,1,4,2,1,24,6,8,1
Subj132,-1,4.75,5,1.5,4.2,2.6,4,3,3.333333333,4.333333333,4,3.333333333,1,2,3,2,1,26,5,8,6
Subj148,1.5,2,2.75,2,5,1,3,4,3,3.666666667,3.5,3.333333333,1,2,4,2,1,49,4,3,1
Subj65,1,3.25,4.25,2.25,3.6,3.13,3.5,4.25,3.666666667,4.333333333,3.5,4.333333333,1,1,3,2,1,26,9,3,5
Subj69,1.5,4.5,4.25,1.25,4.4,2.66,4.25,4.75,4.333333333,4,4,4.333333333,1,1,4,3,2,37,5,3,9
Subj389,3,1.25,1.75,1.5,4,1.43,2,4,4,3.333333333,1,3.666666667,1,1,3,1,2,22,1,7,2
Subj273,4,1,4,1,5,2.79,2.5,1,5,3.666666667,1,3.666666667,1,1,3,2,1,29,9,10,2
Subj64,2,4.25,4.75,2.25,4,1.93,2.5,2.75,4,4.333333333,4,4,1,2,4,2,2,46,3,2,4
Subj1,3.75,1.5,2,2.25,5,4.92,1.5,4,5,5,1,4.666666667,1,2,2,2,.,28,8,9,1
Subj466,-0.5,1,1.75,3,4,1.75,4,3.5,3,3,3.5,4.333333333,1,2,4,2,1,40,8,3,2
Subj125,2.25,1.5,2,1.25,2,3,5,1,4,4,1.5,4,1,1,4,1,1,34,5,7,1
Subj349,-0.25,5,5,1,1.8,2,5,2,5,3.666666667,5,5,2,2,2,1,3,23,3,10,5
Subj8,3.5,4.5,4.25,2.5,4.6,1.4,2,4.5,4.333333333,5,4.5,4.666666667,1,2,4,1,6,23,6,7,1
Subj240,0.5,3.75,1.75,2.25,4.8,4.44,2.5,3,4.666666667,4.333333333,5,5,1,2,4,2,1,28,8,4,2
Subj438,1.75,1.75,1.25,3.25,3.2,5,4,2.25,3.333333333,3.333333333,4,3.333333333,3,2,3,1,1,22,4,2,1
Subj487,4,1.5,1,3,5,4.47,5,5,2.333333333,5,1,5,4,3,4,1,2,34,3,2,9
Subj315,2.5,2,1.75,3.5,4.6,1,2.75,4,4.666666667,1,3.5,4.666666667,1,2,3,2,1,44,9,3,2
Subj174,0,3.5,3.5,2,4,2.64,1.75,4.25,2,2.333333333,4,4.333333333,1,2,4,2,1,41,5,8,2
Subj4,-2,2.75,1.75,2.75,3.4,2.74,3,2.5,3.666666667,3.666666667,3,2.666666667,1,1,3,2,1,37,7,5,1
Subj12,2.25,2,2,2.5,4,3.22,3.5,2.75,4.666666667,4,2,4.333333333,1,2,5,2,2,41,3,5,1
Subj172,0.25,1.5,3,3,4.4,2.21,5,3.5,4.333333333,3,4.5,4.666666667,1,1,4,1,1,26,5,8,3
Subj414,-1,4,2.5,1.75,2.8,3.6,2,3.25,2.666666667,3.333333333,4,4,1,1,5,1,1,28,1,10,8
Subj173,-0.75,2.25,3,2,5,1.15,3.25,3.5,3.333333333,2.333333333,4,5,1,1,3,2,1,28,8,7,1
Subj473,3.75,2.25,2,4.5,5,1.13,5,2,4,5,4,4.666666667,2,1,5,2,1,29,3,7,2
Subj358,1.5,2.75,4,1.75,4.2,1.65,1,3.25,1,1.666666667,2,2.333333333,4,1,6,4,8,86,6,8,4
Subj435,4,2.5,2,2.25,4,3.93,2.5,4,4,3.333333333,1,3,1,2,3,2,2,36,1,5,2
Subj113,0,3.5,3.75,3.75,4.6,3.29,3,4,3.666666667,4.333333333,4,3.666666667,1,2,4,2,1,35,8,9,3
Subj183,2.5,4.25,3,1.25,4.6,2.95,2.5,1,4.333333333,4.333333333,1.5,3.666666667,1,2,5,2,1,29,4,6,1
Subj302,3.25,1,1,2.25,5,3.35,3,3.5,2.666666667,1.666666667,3.5,4.333333333,1,2,4,1,1,26,2,6,4
Subj59,-3,1.75,3,3,5,1.39,1,4,3.666666667,2.333333333,1,1,1,2,3,1,1,25,7,1,2
Subj335,0.5,4.5,4.25,1.5,5,2.86,5,4.5,4.666666667,4.666666667,4.5,5,1,2,4,2,1,27,1,4,2
Subj261,1.5,1.25,2.5,1.75,3.2,2.76,4,3.5,4,4,4,4,1,1,3,1,3,35,3,6,5
Subj460,4,2.5,2,2.5,5,1,3.25,3.75,5,3.333333333,3,4.333333333,1,1,4,3,1,25,5,6,4
Subj458,0.25,5,5,2.25,4.6,1,1.25,4.5,4.666666667,4.333333333,3,4.666666667,1,1,4,2,1,35,8,7,1
Subj169,3.25,1,1,4.5,5,1.19,1,4,1,2,4,4,1,2,4,2,3,32,9,3,4
Subj158,0.75,3.75,4,1.5,4.4,3.27,1,4,3.333333333,5,3.5,3,1,2,5,2,2,39,4,5,1
Subj290,-0.25,3.5,3.75,2,4,3.77,2,4,2,2,3,4,1,1,4,2,1,56,10,4,1
Subj497,3.5,4.75,5,2.5,4.4,1.75,3.5,3.5,4,3,4.5,3,1,2,3,1,1,23,7,4,3
Subj392,0.25,1.25,3.25,1,2.8,5,3,2,2,3.333333333,4,4,1,1,3,1,2,31,5,10,4
Subj147,1,4,4,2,3.8,3.67,3.5,4,4,3.333333333,4,4,1,2,4,2,1,44,6,5,1
Subj229,4,3.75,4,1.5,5,3.71,3.75,4.75,4,4.333333333,4,4.333333333,1,2,3,2,1,30,7,6,8
Subj429,-0.25,3,3.25,2.5,3.8,2.63,4,2.75,3.333333333,3.666666667,4,3.666666667,1,1,4,1,2,23,6,8,9
Subj86,-2.25,2,2,3,2.4,2.22,5,2.25,4,3,1,4,1,1,4,2,6,22,5,3,1
Subj357,-0.25,4,3,1.5,3.6,3.66,4,2.5,5,3,3,4.333333333,3,2,4,2,6,21,7,6,2
Subj50,0.5,3.25,4,1.25,2,4.24,2.5,2.5,3.333333333,2.666666667,4,4.666666667,1,2,3,1,3,32,8,4,2
Subj239,-0.75,1.75,2,3.5,4.4,1.51,5,1,1,4,3,4.333333333,1,1,4,2,1,30,4,5,1
Subj154,1.5,4,3.75,1.75,4,5,1,1,1,1,5,4.666666667,1,2,4,2,1,23,7,6,1
Subj141,3.75,2.25,2.5,1.75,4,5,4.75,3,5,4.333333333,1.5,3.666666667,1,1,3,1,1,33,1,6,7
Subj386,0,2.75,3.5,1.25,3.4,4.09,5,1,3.666666667,4,4.5,4,1,1,3,1,3,23,3,4,1
Subj260,0.75,4,2.5,2.25,2.8,3.56,2.5,3,3.666666667,4,4,3,.,2,2,1,1,28,10,4,1
Subj62,2.25,2.5,2.75,3,4.6,2.86,3.75,2.75,5,2,5,5,1,1,3,2,1,32,7,2,10
Subj70,-0.25,1.25,2.75,2.5,3.8,2.75,2,2.75,2,2,3.5,4,1,1,5,3,1,38,3,6,1
Subj194,0.5,2.5,4.75,1.75,2.8,4.35,5,3,5,1,4.5,3.333333333,1,1,3,1,1,26,9,4,2
Subj439,2.75,2.25,2.5,1,4,1.8,1,4,1,1,1.5,4,3,2,3,2,1,30,4,8,3
Subj87,0,2.5,3.5,3.25,2.8,3.01,3.25,2.75,3,2.666666667,2.5,3,3,2,2,2,1,19,6,5,1
Subj185,2,2.25,2,3.75,5,4,3.75,1.25,2,3.333333333,3,2,1,1,5,2,1,30,1,10,3
Subj88,-1,2.25,1.75,2.5,4.2,2.79,5,2,2.666666667,2.666666667,4,4.333333333,2,1,5,2,1,28,2,6,4
Subj274,0,4.5,4,3.5,4,2.86,4,4.25,4,4,4.5,4.333333333,1,2,4,2,1,35,3,4,10
Subj493,0.75,.,.,.,.,.,.,.,.,.,.,.,.,.,.,.,.,.,6,2,1
Subj105,-0.5,2.75,2.5,3.75,2.4,3.04,2,2.25,2,1.666666667,3,2,1,2,3,1,2,34,7,2,6
Subj336,3.5,3.5,4,2.5,3.6,3.03,2.25,4.5,4.333333333,4.333333333,3.5,3,1,1,3,1,1,30,6,10,1
Subj209,3,4.25,3.25,2,4,3.65,1,4,2.666666667,3,1,3,4,2,4,1,6,25,6,2,5
Subj200,3,3,5,4.25,5,4.07,1,3.75,1,3.666666667,5,5,1,2,3,2,1,23,1,2,4
Subj272,2.5,2.5,2.25,4,3.6,4.2,2,3,4,4.666666667,5,4.666666667,1,2,5,2,1,26,2,8,1
Subj186,0,2.75,3.25,4,2.8,3.33,2,3.25,2,3.666666667,4,1,1,1,3,1,1,32,7,9,5
Subj27,0.75,2,2.75,3.75,3,2.12,5,1.25,5,3.333333333,4,3.666666667,1,1,4,1,1,32,2,9,1
Subj36,3,2,4,4.75,4,2.9,5,2.25,4,5,4,4.333333333,1,1,5,1,2,27,5,9,1
Subj35,-1.5,2.25,4,2.75,4,2,4,3.75,2,1.666666667,4.5,4.333333333,1,2,4,1,2,29,3,4,10
Subj74,3.5,1.5,4.5,2,4.4,4.16,5,1,3.333333333,3.333333333,1,3.333333333,1,1,2,2,1,26,4,5,1
Subj259,3.5,1,1,4.5,5,1,5,4,3.666666667,5,1,5,1,1,4,2,1,26,5,10,6
Subj455,2,2,3.75,3.25,5,3.7,5,3,5,2,3,4.666666667,1,1,5,2,1,32,3,9,1
Subj353,2,2,3,2,3.6,3.61,3,2.25,4.333333333,3.666666667,4,4,1,1,3,2,2,27,7,1,4
Subj318,-0.75,2.25,2.5,2.25,3.8,1.55,2.5,3.75,2.666666667,4,4,4,1,2,3,2,1,45,7,3,4
Subj198,-2,2,2,4,5,1,4,2.75,4,3.333333333,4,4,1,1,4,2,1,28,5,8,2
Subj370,1.75,1,1.75,1.5,5,2.35,5,3.25,3.666666667,4.666666667,1,4.666666667,1,1,5,2,1,45,4,9,1
Subj364,0,1.75,1.75,4.75,4.2,4.59,1,3.25,3.666666667,3,2,3.666666667,1,2,3,2,1,26,8,6,4
Subj235,3.5,1,3.75,3,4.6,2.47,3.25,3,4.333333333,1,1,3.333333333,1,1,3,1,2,54,3,4,1
Subj378,2,3,4,2,3.8,4.05,4.75,1.75,5,5,4,4.333333333,1,1,4,1,1,39,6,5,1
Subj32,1.25,2.5,1.75,1.75,3.4,3.9,4.5,3.5,5,4,3.5,3,1,1,4,3,1,27,3,9,2
Subj324,3.25,2.75,2.25,1.25,2.6,3.1,1.75,1.5,5,1,1.5,4.666666667,1,1,4,1,1,36,2,10,1
Subj156,2.5,2.5,3,1.75,3.4,1.28,5,4,3.666666667,4,4,5,2,2,2,1,1,40,9,4,2
Subj400,4,1,1,1,5,4.15,2.5,3.25,5,5,4.5,5,1,2,4,2,1,49,2,4,9
Subj304,2.25,1,4.75,2.5,4.8,2.59,4.25,3.5,3,3.333333333,2.5,4.333333333,1,1,4,2,1,24,1,7,8
Subj159,1.75,3.5,3.25,1.25,3.2,1.68,4.25,3,4,1,3,4.666666667,3,2,3,2,2,26,1,9,3
Subj33,2.5,2,2.25,3.5,4,1.42,4,3.75,4,4,4,4,1,1,4,2,1,29,3,6,2
Subj78,1.75,1.75,1.5,1.25,4.2,2.48,2,4.5,3.333333333,3.333333333,4,3.666666667,1,2,2,2,1,65,8,6,1
Subj397,4,4.5,5,2.25,4,1,1,3.75,1,1,2,3.666666667,1,1,4,2,2,53,5,2,3
Subj211,4,2.25,2.25,1,5,1.24,1,3.5,3.666666667,3,1,3.333333333,1,2,4,2,1,26,3,7,1
Subj492,3,2.25,2.75,2,5,1.5,1,5,1,2,1,4,1,1,4,2,1,27,8,5,3
Subj149,2.25,2,2.5,2,2.6,3.2,2,2.5,2,2,2.5,4,1,2,3,2,1,51,6,5,2
Subj410,4,5,4.5,3.75,3.8,3.56,1,5,1,2,4,3.666666667,1,2,3,1,5,31,6,4,1
Subj267,-2.75,1,1,1.25,1,1,1,1.5,1,1,1,2,4,2,4,4,2,24,10,5,2
Subj404,1.5,3.75,3.5,2,3.8,2.38,4.75,2.5,3,3.666666667,2.5,4.333333333,1,1,4,2,1,24,2,3,5
Subj218,1.25,1.25,2,4,4.8,1.08,3.75,4.75,4.666666667,5,3,4.666666667,1,1,4,2,1,42,10,7,4
Subj268,-0.25,2,3,2.5,2.8,5,4.25,2.25,4.666666667,2,5,4.333333333,4,2,3,3,6,19,2,1,10
Subj498,-0.5,3.25,2.5,2.5,3,3.07,3,2.75,3.666666667,3.333333333,3.5,2.333333333,1,1,3,2,1,25,3,8,4
Subj48,2.25,1.5,3.75,5,4,1.06,4.5,1,4,4.666666667,1,2.666666667,3,2,3,1,1,24,8,3,2
Subj443,1.5,2.5,3.25,2,3.4,2.87,2,4.5,1,2.333333333,4,3.333333333,3,2,4,2,1,28,8,5,1
Subj101,0.75,4,3.5,2,3.8,2.5,4,3.5,3.333333333,4,4,4.333333333,3,2,3,1,5,28,7,8,1
Subj325,-1.25,2,2.25,2,3.2,2.63,2.5,3.25,4,4,4,2.666666667,1,2,3,1,2,33,9,4,3
Subj359,-1,1.75,3,2.25,2.6,1.72,5,1,4,4,1,5,3,1,3,1,1,29,5,6,4
Subj421,3.75,1,1,3,5,1.01,5,2.5,2.333333333,1,1,3.333333333,3,1,3,1,2,24,4,9,3
Subj258,-0.75,3.25,4.25,2,3.8,3.31,1.75,3.75,3,3,3,2.666666667,1,2,4,2,1,38,5,2,7
Subj20,2,3,3,2,4,1.18,4,4,4,4,4,4,2,1,3,2,2,29,2,5,4
Subj103,3.75,2,2.75,3.25,5,1,1.25,3.5,5,3.333333333,1,4.333333333,1,2,3,2,1,29,1,7,5
Subj441,0.75,1.75,3.25,1.25,1.6,4.6,3,2.75,4,3,1,4,4,1,3,1,1,30,7,4,1
Subj280,2,3,3,2,4.2,2.31,2,3.75,1.666666667,3,2,4,1,2,3,1,5,26,1,4,6
Subj415,-3.25,4.5,4.75,3.75,4.2,1.94,3.25,4.25,3.666666667,3.666666667,5,4.666666667,1,1,2,2,1,23,6,9,1
Subj434,3.5,1.75,2,2.75,2.4,1.5,2.5,5,5,3,1,5,1,1,5,1,9,34,3,9,1
Subj245,-0.5,3.75,4.25,4.25,2.8,4.78,5,1.5,3,4.666666667,4,4,1,1,5,1,2,26,3,7,1
Subj381,2.75,4,3.75,1.5,1.2,4.56,1,4.5,2,1,1,4.666666667,1,2,3,1,1,22,4,2,1
Subj241,4,5,5,1.25,3.4,2.35,4.5,3.75,4.333333333,4.333333333,4,5,1,1,3,2,1,33,10,7,1
Subj440,3,2.25,2,2.75,4.2,3.61,2,4,3.333333333,3.333333333,3,3.333333333,1,2,3,1,2,29,4,7,1
Subj422,1.75,2.25,2.25,2.75,4.2,1.84,4,4.5,2.333333333,3.666666667,3.5,4,1,2,4,2,1,27,8,2,3
Subj45,2,3.5,4.5,2.75,4,4.08,4,3.75,4,4,3.5,4,3,2,3,1,2,27,6,5,1
Subj363,3,1,1,4,4,3.26,5,4,5,5,5,5,1,1,3,1,2,24,1,10,4
Subj131,1.25,2.25,3.5,2.75,4.6,1.4,3.5,4.25,3,4.666666667,4.5,5,1,2,5,2,1,24,2,10,1
Subj193,2.25,2.25,2,1.25,4,1.35,4,1.25,3.333333333,3.333333333,2,2.666666667,1,1,4,1,1,27,4,1,6
Subj31,4,1.5,1,1,5,1,2,4,5,2,2,3.333333333,1,2,5,1,2,36,5,7,1
Subj179,-0.5,3,4,3.5,4,4.04,4,3.5,3.666666667,2.666666667,4,4,1,2,4,1,3,23,4,10,1
Subj289,0.75,1,1,3,2.8,2.51,3.25,4,2.333333333,2,4,3.333333333,1,1,3,2,1,31,6,7,3
Subj204,1.75,3.75,4.25,3,4,1.55,2.5,4,4,2.333333333,2,3.333333333,1,2,4,2,2,47,6,3,5
Subj485,0,4,3.75,2.75,3.6,1.65,4,4.25,4.333333333,4.333333333,3.5,3.666666667,1,1,3,1,1,25,7,9,1
Subj396,-1.25,2,2,3,2.8,2.78,4.25,3.5,3,3.333333333,4,4.333333333,1,2,3,2,1,29,8,6,2
Subj162,1.75,2.25,2.5,3.25,4,1.4,3,4,4,3,2,3.666666667,1,1,5,2,1,33,5,9,2
Subj446,-3,1.25,3.25,3,4.2,4.52,5,1,4,5,4,5,1,1,3,1,6,26,3,1,2
Subj49,2.25,3.25,3.25,2.25,3.6,1.25,2.25,2.75,1,1.333333333,2,4,1,2,4,1,2,48,7,8,1
Subj275,0.5,2.5,2.75,3,3.4,2.93,3,3.25,3.666666667,3.333333333,2.5,2.666666667,1,2,2,2,1,33,9,8,3
Subj13,0,2.25,3,1.75,3.6,4.16,3,2.25,3.666666667,3,3,4.333333333,1,2,4,1,1,22,5,10,1
Subj470,3.75,3.5,2.5,3.5,4.2,1.43,1,1.75,1,1,1,2,1,2,3,1,1,27,6,3,10
Subj79,4,5,5,3,5,1,1.5,3.25,4.666666667,3,1,2,2,2,3,3,1,29,6,5,4
Subj376,3.75,1.75,4,1,4,4.63,5,4.75,5,5,5,5,1,2,4,1,2,30,5,6,1
Subj331,3.5,1.75,1,2.5,4,4.31,5,4.75,3.666666667,5,5,5,3,2,3,2,1,34,7,1,2
Subj452,3.75,3.25,3.25,1.75,4,1.78,1.75,4,1,4,3,3,1,2,2,1,2,26,6,2,5
Subj314,-0.5,4.5,3.5,3,4.2,3.98,5,2,4,5,4,4.666666667,1,2,3,2,5,32,1,8,2
Subj117,-1.75,1,2.5,1.75,5,1.54,2,1.5,1,1,5,5,1,1,4,2,1,41,7,9,3
Subj14,0,3.5,4.25,2.25,4,3.02,5,3.25,3.666666667,5,2,4,1,1,4,3,1,56,1,9,2
Subj208,0.75,2.5,3.5,2.5,3.2,3.13,2.25,3,2.333333333,2.333333333,3,3,3,2,2,1,2,23,6,10,4
Subj469,1.25,2.75,4.25,1.5,4.2,1.53,3.75,4,4.333333333,4.666666667,2,3.666666667,1,1,4,2,8,71,1,9,4
Subj109,3.25,3.75,4.25,2,4,1.1,1,4,4.333333333,4,1,4.333333333,1,1,3,2,1,28,3,8,2
Subj279,4,4.75,2.25,3.5,5,1.1,3,4.5,4.666666667,3.666666667,2,4,1,2,4,4,1,35,5,1,8
Subj75,2.75,3.5,3.5,1.25,3.2,1.08,1,2.75,1,1,1,2.666666667,4,2,3,2,2,32,8,9,3
Subj347,0.75,3.5,3,2.75,3.8,2.29,4,4,4,3.333333333,3,3.666666667,1,1,3,1,1,35,6,7,5
Subj288,3.75,3,4,3,4.8,1.2,4,4,4,4.333333333,2.5,4,3,1,3,2,1,46,7,9,1
Subj140,0.5,2,2,2,4.4,2.44,4.75,3.5,4.333333333,4,4,3.333333333,1,1,3,2,1,37,7,4,9
Subj18,2,3.25,3.25,2,2.6,3.24,1,4,4,1.666666667,3,4,1,2,3,1,9,45,2,3,1
Subj96,3.25,2,3,2,4.6,3.16,4,2.5,4,4,2,4,1,1,3,2,1,33,5,4,2
Subj58,-0.5,3,4,2.5,4,2.56,2,3,2,2,3,4,1,2,5,2,1,31,10,5,1
Subj406,0.5,2.75,3.5,3.75,3.8,2.86,3,3.5,3.666666667,3.666666667,3.5,3.666666667,1,1,4,2,1,26,2,1,5
Subj2,2,2.5,3.25,2.75,4.6,3.52,1.75,4.75,5,3,1,4.666666667,3,2,5,1,3,45,4,9,1
Subj299,1.25,2.5,4,4.25,5,2.68,5,1.75,3.333333333,4,3,3.666666667,1,1,6,2,1,50,1,9,2
Subj408,2.5,3.25,3.25,1.75,2.8,3.41,1.75,3,2.666666667,3.666666667,1,3.333333333,1,1,3,2,1,23,4,2,8
Subj41,1.75,3.75,3.5,3.5,4,2.8,4,4,4,4,4,3.666666667,1,1,4,2,1,29,4,7,2
Subj73,3.5,1.25,4,3.75,3.6,2.58,2.25,3.75,5,1.666666667,1,5,1,1,5,2,1,35,7,8,2
Subj188,0.25,4,3.75,2.75,4,2.29,2.75,3.25,2.666666667,3.333333333,3,3.666666667,1,1,4,2,1,31,10,4,1
Subj483,3.5,1,1,4.75,4.6,1.22,4,3.5,4,4.333333333,4,4,1,1,4,2,1,24,1,8,9
Subj210,1.75,2,2.5,2,3.6,1.72,3,4,3,3.333333333,2,4,1,1,4,2,1,30,9,8,1
Subj255,4,1,1,2.5,5,1,5,1,1.666666667,2,1,2.666666667,3,1,3,2,1,34,6,7,3
Subj418,3.5,5,5,1.75,5,4.43,3.5,4,4,4,1,4.333333333,1,1,4,2,3,35,6,10,1
Subj203,0.75,2,2,2.5,4,1.76,2.25,4,4,3,2,4,1,1,4,2,6,20,10,5,1
Subj168,2,2.5,2.75,3.5,4.8,1.06,5,4,4,4,4,4.333333333,1,1,5,2,1,34,2,8,1
Subj191,0,3.25,3.25,2.75,3.2,3.29,3.25,3.25,3.333333333,3.333333333,3,3.333333333,1,1,3,2,1,19,6,4,2
Subj71,-0.25,2,2.75,2.5,3.4,2.57,3,3.5,4,2.333333333,3,2.666666667,2,2,4,2,1,29,2,7,3
Subj84,2,1.5,2,2,3,3.95,3.25,2.75,4.333333333,2.666666667,1,4,1,1,3,1,1,36,8,4,1
Subj437,0,1.75,2.75,3,2,1.55,2.5,3,3.333333333,3.666666667,3,3,1,1,3,2,6,21,1,6,4
Subj251,-0.5,4.75,3.5,5,5,1.22,3.5,4.25,4,5,3,4,1,2,3,4,6,21,9,1,5
Subj278,2.5,4.25,3.75,1.5,4.6,1.25,1.5,4.5,1.666666667,3,2,4.666666667,1,1,3,1,6,20,4,10,2
Subj399,1.75,1.5,3.25,3,3.2,2.89,3,3.25,3.333333333,5,5,5,1,2,4,2,1,31,3,6,1
Subj136,0.5,3.25,3,2,4,3.72,3.25,3.25,3.666666667,3.666666667,4.5,2.666666667,1,1,3,2,2,23,5,4,1
Subj401,2.5,2.25,2.25,2.75,4.4,3.57,4.75,2,2,2.666666667,4,4,3,2,4,2,1,23,4,7,2
Subj165,0,2.25,2.25,2.25,4,2.77,4,2.5,3.666666667,4,4,4,1,1,4,2,1,27,4,8,2
Subj428,2.75,4,4,1.75,3.8,2.68,3,4,2,3,2.5,3.333333333,1,1,2,1,4,35,6,1,10
Subj271,1,2,2,3,5,1,5,4.5,3.666666667,5,2,5,1,2,2,2,1,26,4,6,1
Subj175,0.25,2.5,1.25,3.25,4,3.41,3.5,3.75,3.666666667,4,3,3.666666667,1,1,4,2,1,26,7,2,1
Subj237,4,2,2,5,5,.,5,1,3.666666667,5,1,5,1,1,4,2,1,28,7,9,1
Subj248,3.5,2,4.75,1.5,5,1.61,1,2.75,4.666666667,1,1,4.666666667,1,1,3,4,6,22,6,3,1
Subj398,0.75,5,5,1.75,4.4,3.48,3.5,4.25,3.333333333,4.333333333,3.5,3.666666667,1,1,3,2,1,25,3,7,4
Subj231,2.75,2.75,1.5,1.75,4.2,3.85,3.25,2.25,4.333333333,4.333333333,4.5,5,1,1,4,2,1,25,7,9,1
Subj133,2.5,3.25,2.75,1.75,3.6,2.01,1.25,3.75,2,2,2.5,3.333333333,1,2,3,2,6,19,3,10,1
Subj201,2.75,2.25,4.75,2.5,4,3.4,4,3,4,4,2.5,4,4,1,7,2,1,27,10,3,1
Subj343,3.5,1,1,4.5,4.4,1,4,4,4.666666667,5,4,5,3,2,3,1,2,35,8,6,2
Subj46,1.75,2.5,4,2.5,4,1.35,3,1,2,4,3.5,3.666666667,1,1,7,2,1,41,4,6,1
Subj286,0.25,1,1,4.25,5,1,5,1.5,3.666666667,5,2,5,1,1,4,1,1,34,9,8,1
Subj167,3.75,3,3.25,2.25,4,2.12,1,4.25,3,3.333333333,3.5,3.333333333,1,2,4,2,1,30,8,5,2
Subj459,0.75,2.5,4,1.25,3.2,4.53,2,2.5,2.333333333,4,4,4,1,2,4,1,2,30,9,8,3
Subj122,3,1,1,2.25,3.2,4.14,1,3.75,5,3,1,3.333333333,1,1,3,1,6,21,6,9,2
Subj42,1.25,2.75,3.25,2.25,2.4,4.07,3.5,3,3.666666667,2.666666667,2,3.333333333,1,2,3,2,1,38,7,5,6
Subj269,-0.75,1.75,3,2.75,4,1.72,4,3.5,4,4.333333333,4.5,4.666666667,2,2,3,2,2,32,10,6,2
Subj102,-2,3.25,2.75,1.25,3.6,3.03,3.75,2,3.666666667,1,4,4.666666667,1,2,5,2,1,32,8,9,1
Subj456,4,2,2,4.75,5,1,5,2.5,3,4,1,4.333333333,1,1,4,2,1,25,3,9,2
Subj83,0.75,4.5,3.75,2.25,3.6,3.9,3.25,3.25,4,3.666666667,3,4.333333333,1,2,4,4,2,33,9,6,2
Subj177,0.5,3.5,2.75,2.25,3.8,2.4,1,4.5,3.666666667,3.666666667,3,3.333333333,1,1,4,2,1,25,3,8,4
Subj461,-1.25,3.5,3,2.5,4,1.37,4,3.5,4,4,3,3.333333333,1,1,4,3,1,32,7,9,2
Subj330,-1.25,2.25,2.5,2,3.8,1.9,2,3.5,4,2,4,3.666666667,1,2,5,3,6,23,8,6,1
Subj28,0,2.5,2,2.25,3.4,2.72,3,2.5,3.333333333,3.333333333,3,3.333333333,1,1,3,2,1,31,9,5,1
Subj481,3,1.5,2.5,2.75,4,.,1,1.75,3.333333333,2,3.5,4,1,2,3,2,1,28,9,6,7
Subj166,-1.25,3.75,3.25,2.5,4.2,3.02,4.25,1.75,4.333333333,3.666666667,4,4.333333333,1,1,4,2,1,39,8,10,2
Subj98,3.75,3,3,2,3,1.13,1,1.5,3,3,1,3,1,1,3,4,6,21,2,8,3
Subj119,3.5,3,1.75,2.5,3.8,3.25,2,4,1,3.333333333,4,4.666666667,3,2,2,1,5,26,9,2,3
Subj489,0.25,2.25,2.25,3.75,2.4,2.77,2.5,2.25,3,3.333333333,2,2.666666667,1,1,4,2,1,33,3,4,9
Subj100,2.5,1,1,3,3,4.05,2.5,3,3,3,3,3,1,1,2,1,1,33,7,6,5
Subj491,1.25,2.5,4.25,3.5,2.8,4.85,3.5,4.25,3,3.666666667,3.5,5,3,2,3,2,1,32,9,10,1
Subj99,0.75,2.25,2.75,2.75,4,3.59,4,3.5,3.333333333,4,4,4,1,1,2,1,1,21,5,10,1
Subj196,0,1.75,2.75,2.25,3.8,2.4,2.75,2.75,3,3,3.5,4,1,1,3,2,1,40,6,5,1
Subj44,1.25,2.25,3,2,3.8,4.35,2,4,4,4,4,4,2,1,4,1,3,24,5,7,1
Subj375,4,2,2,2,4.2,1.1,1.25,3.25,5,2,3.5,4,1,2,4,2,2,34,6,3,1
Subj67,-0.5,2.75,3.25,2.25,3,3.37,3.5,3,2.666666667,2,2.5,2.666666667,1,1,4,2,5,26,6,7,3
Subj130,1.75,2.25,3.5,3.5,3.6,3.61,2.5,4.75,1.666666667,3,4,4,1,2,3,1,1,26,8,10,1
Subj114,1.75,2.75,3,2.25,4.8,3.4,4.75,4,1.333333333,3.666666667,3,5,3,2,3,2,5,29,5,10,1
Subj430,2,4.5,3.75,1,4.2,1.8,3.25,4,3,4.666666667,3.5,2.666666667,1,2,2,1,1,34,6,3,10
Subj123,2.5,1.25,1,2,5,1.23,4.75,5,5,4,3.5,4,1,1,5,2,1,45,4,3,6
Subj403,0.75,1.25,1,3.25,5,3.77,3,3.5,2,4,4,4,1,2,4,2,1,29,6,2,3
Subj326,2,2,2.25,2.75,4.4,2.21,3,3,3,3.333333333,3.5,4.666666667,3,1,3,1,2,24,7,8,1
Subj89,2,2,2,2.5,5,1.69,2,4.5,1,2,2,4,1,2,3,2,1,41,5,2,8
Subj465,4,1.5,1,2.5,4,4.72,1,4,2,2,4,3.666666667,1,2,3,2,1,20,9,1,6
Subj345,1.5,2.5,2.75,3.5,5,1.31,4,3.25,3.333333333,3.333333333,1.5,4,1,1,3,2,1,26,7,5,3
Subj160,2.5,2,3.25,2.5,4.2,2.98,3.75,3.5,3,3.666666667,4.5,4.333333333,1,1,3,1,1,33,8,4,9
Subj300,0.25,2.5,3.75,2.25,3.8,3.9,4.5,4.5,4.333333333,4,4.5,4.666666667,1,1,4,1,1,23,5,8,3
Subj323,2.5,3,3,2.5,2.8,2.84,3.75,3.75,3,3.333333333,3.5,3.333333333,1,1,3,1,1,44,6,10,1
Subj423,0.25,3.5,3,3,3.4,2.8,3.5,3.25,3,2.666666667,4,3.666666667,1,1,4,2,1,38,7,9,2
Subj17,3,2.25,2.75,3.75,4.4,2.18,5,4.75,4.666666667,4.333333333,4.5,4.666666667,1,1,2,1,2,35,3,6,1
Subj276,-2,1.25,3,2.75,4.4,1.35,4,2.25,3,2.666666667,4,3.333333333,1,1,4,1,6,22,7,8,3
Subj427,0.75,3.75,3.25,2.75,5,1.86,1.5,4.5,2,2.666666667,3,3.333333333,1,1,6,2,1,46,2,3,7
Subj356,-0.75,1,1.5,1.75,4.8,1.13,4.25,1.75,4,4,2,3.666666667,1,1,4,2,1,33,10,5,6
Subj361,3.5,1,1,4,4.6,1.66,4.75,1.5,2.333333333,4.333333333,4,3.333333333,1,1,2,4,6,23,4,8,1
Subj10,1.75,2,2.75,2.5,3.8,3.52,1.5,4,3.333333333,2,4.5,4.333333333,1,1,2,2,6,19,7,10,1
Subj433,0,5,5,2.25,3.2,3.99,3,3,3,3,3,3.333333333,1,1,4,4,2,30,3,2,5
Subj495,2.5,2.5,4.25,1,5,1.77,5,2.5,3.333333333,5,2.5,4,1,1,4,3,2,55,3,1,6
Subj212,2,1.75,2.75,3.75,4.4,2.61,2.5,2.25,4,3.333333333,4.5,4.666666667,1,2,4,2,1,29,8,6,2
Subj178,-0.25,1.5,1.5,2.5,3,4.74,4.5,2.25,5,1.666666667,4,4,1,1,3,2,1,27,6,3,1
Subj3,0.5,3.5,5,2,3.2,3.04,1,3.5,3.333333333,3,2,3.333333333,1,2,6,2,1,27,8,10,1
Subj21,2.75,3.75,4.75,1,1.4,4.82,5,4,5,5,1,4.666666667,1,1,7,2,1,48,5,4,3
Subj368,3,1.5,2,1.75,4.4,1.37,2.5,3.75,4.666666667,3,1.5,5,1,1,3,1,5,30,8,4,3
Subj256,-0.25,2.5,3.75,2.25,4.6,1.26,2.25,3.25,3,2.666666667,2.5,4.666666667,1,2,3,2,1,24,7,9,1
Subj366,-0.25,1.5,1.75,3.75,4.8,1.95,4.5,3.25,5,3,4.5,4,1,1,4,2,1,23,7,10,1
Subj387,1.25,3.25,3.75,2.75,2.8,3.05,4,3.75,4.333333333,4,4,4.666666667,1,1,4,2,1,26,1,7,6
Subj26,3,1.75,4.25,1,4,1,1,2,5,1,1,4,1,2,2,2,1,34,2,10,6
Subj234,2,2,2.5,2.5,4,3.13,5,3,5,3.333333333,2,4.666666667,1,1,6,3,1,39,1,6,9
Subj342,0.25,2,1,3,4.4,2.4,4.75,3.25,5,2.666666667,4.5,4,1,1,4,2,1,25,7,10,1
Subj244,4,2,3.5,4,5,1.45,1,5,1,3.666666667,3,4.666666667,3,2,4,2,1,34,1,9,5
Subj223,0.5,3.5,3,3.5,3.2,3.29,5,5,5,5,4,5,1,1,4,2,1,28,4,3,8
Subj284,0,3,2.5,2.75,3.8,2.9,2.5,3,1.333333333,3.333333333,2,3.333333333,1,1,2,1,3,24,9,6,1
Subj95,0.5,1.5,2.5,2.5,3,2.89,3.25,3.75,3.666666667,3.666666667,2,1.666666667,1,1,2,1,3,24,7,1,9
Subj292,0.25,1.75,2,2.25,3.8,2.69,5,5,5,5,4.5,5,1,1,4,1,1,26,1,8,10
Subj91,0.25,1.25,1,3.5,4.2,2.36,5,3.5,5,3,4,4,1,2,4,2,1,26,6,7,1
Subj360,4,1,1,4,5,1.41,5,1,1,1,1,1,1,1,4,1,1,25,7,8,4
Subj126,2,2,2,1,4.6,1.2,2.5,4,4,1,1,3.666666667,3,2,4,2,1,32,5,4,1
Subj151,-0.75,3.75,3,3.5,5,1.03,1.25,1.75,1.666666667,2.333333333,5,4.333333333,1,2,4,2,1,24,6,8,2
Subj205,-2,1,1,2.75,4.4,1.85,2,1.5,1,1,5,5,1,2,3,2,6,19,6,8,1
